price,title,rating,num_ratings,num_reviews,num_pages,genres,publication_year,author,author_book_count,author_followers_count,five_star_count,five_star_percentage,four_star_count,four_star_percentage,three_star_count,three_star_percentage,two_star_count,two_star_percentage,one_star_count,one_star_percentage,votes,category
14.99,The Wedding People,4.16,305726,36369,384.0,"['Fiction', 'Romance', 'Audiobook', 'Contemporary', 'Literary Fiction', 'Chick Lit', 'Humor']",2024,Alison Espach,8,2307,116170,37,134886,44,44915,14,7679,2,2076,0,94733,Fiction
14.99,Intermezzo,3.94,163913,30087,454.0,"['Fiction', 'Contemporary', 'Literary Fiction', 'Romance', 'Audiobook', 'Ireland', 'Irish Literature']",2024,Sally Rooney,42,61200,51857,31,65635,40,34390,20,9227,5,2804,1,67268,Fiction
9.13,Welcome to the Hyunam-Dong Bookshop,3.97,48506,9350,307.0,"['Contemporary', 'Books About Books', 'Audiobook', 'Cozy', 'Literary Fiction', 'Slice Of Life', 'Adult']",2022,Hwang Bo-Reum,3,720,15273,31,19777,40,10711,22,2279,4,466,0,51958,Fiction
13.99,Blue Sisters,3.99,134685,19169,342.0,"['Fiction', 'Contemporary', 'Literary Fiction', 'Audiobook', 'Family', 'Adult', 'LGBT']",2024,Coco Mellors,5,5163,42418,31,57895,42,25959,19,7233,5,1180,0,50659,Fiction
14.99,Here One Moment,4.06,140942,15583,512.0,"['Fiction', 'Audiobook', 'Mystery', 'Contemporary', 'Thriller', 'Mystery Thriller', 'Adult']",2024,Liane Moriarty,42,71700,48139,34,59959,42,26519,18,5109,3,1216,0,48432,Fiction
,Swan Song,4.07,105281,7198,384.0,"['Fiction', 'Romance', 'Audiobook', 'Mystery', 'Chick Lit', 'Contemporary', 'Adult Fiction']",2024,Elin Hilderbrand,87,53500,34314,32,47965,45,19908,18,2530,2,564,0,41212,Fiction
12.99,Good Material,3.86,180913,24742,319.0,"['Fiction', 'Romance', 'Audiobook', 'Contemporary', 'Literary Fiction', 'Adult', 'Humor']",2023,Dolly Alderton,12,13000,45947,25,77321,42,46007,25,9747,5,1891,1,33508,Fiction
0.0,I Hope This Finds You Well,3.78,65221,9910,338.0,"['Fiction', 'Romance', 'Contemporary', 'Audiobook', 'Humor', 'Chick Lit', 'Adult']",2024,Natalie Sue,1,1034,13267,20,29452,45,18290,28,3535,5,677,1,30650,Fiction
14.99,Margo's Got Money Troubles,3.9,82841,12566,304.0,"['Fiction', 'Audiobook', 'Contemporary', 'Literary Fiction', 'Humor', 'Adult', 'Chick Lit']",2024,Rufi Thorpe,7,1359,21832,26,37081,44,18865,22,3968,4,1095,1,27439,Fiction
12.99,Martyr!,4.23,55785,10297,331.0,"['Fiction', 'Literary Fiction', 'Poetry', 'Contemporary', 'LGBT', 'Audiobook', 'Queer']",2024,Kaveh Akbar,26,1724,25532,45,20076,35,7892,14,1779,3,506,0,25992,Fiction
12.99,Wandering Stars,3.85,27869,4259,315.0,"['Fiction', 'Historical Fiction', 'Audiobook', 'Literary Fiction', 'Indigenous', 'Native American', 'Historical']",2024,Tommy Orange,18,4601,6621,23,12489,44,7025,25,1398,5,336,1,9041,Fiction
14.99,Real Americans,3.99,62005,7434,416.0,"['Fiction', 'Historical Fiction', 'Audiobook', 'Literary Fiction', 'Contemporary', 'Magical Realism', 'Family']",2024,Rachel Khong,12,1175,16973,27,29560,47,13358,21,1820,2,294,0,8546,Fiction
0.0,Sandwich,3.63,93315,11397,240.0,"['Fiction', 'Audiobook', 'Contemporary', 'Family', 'Literary Fiction', 'Adult Fiction', 'Adult']",2024,Catherine Newman,19,1353,21387,22,31984,34,27025,28,9758,10,3161,3,8108,Fiction
,Tell Me Everything,4.13,47798,5238,352.0,"['Fiction', 'Literary Fiction', 'Audiobook', 'Mystery', 'Contemporary', 'Adult Fiction', 'Family']",2024,Elizabeth Strout,43,14400,19759,41,17704,37,7879,16,1858,3,598,1,7276,Fiction
14.99,All Fours,3.6,98262,14165,336.0,"['Fiction', 'Audiobook', 'Contemporary', 'Literary Fiction', 'LGBT', 'Queer', 'Novels']",2024,Miranda July,32,5604,23802,24,32946,33,24562,24,11960,12,4992,5,5655,Fiction
9.66,Playground,4.25,17157,2783,381.0,"['Fiction', 'Science Fiction', 'Literary Fiction', 'Audiobook', 'Nature', 'Contemporary', 'Environment']",2024,Richard Powers,61,5833,7961,46,6288,36,2306,13,474,2,128,0,5039,Fiction
14.99,Same As It Ever Was,3.87,29517,3933,498.0,"['Fiction', 'Audiobook', 'Contemporary', 'Literary Fiction', 'Family', 'Adult Fiction', 'Drama']",2024,Claire Lombardo,3,2677,8141,27,12133,41,7020,23,1692,5,531,1,4746,Fiction
14.99,The Mighty Red,3.87,15997,2052,384.0,"['Fiction', 'Historical Fiction', 'Literary Fiction', 'Audiobook', 'Indigenous', 'Native American', 'Contemporary']",2024,Louise Erdrich,130,11900,4412,27,6518,40,3951,24,867,5,249,1,4021,Fiction
13.99,Greta & Valdin,3.99,17369,3254,352.0,"['Fiction', 'Queer', 'LGBT', 'Contemporary', 'Literary Fiction', 'Romance', 'Audiobook']",2021,Rebecca K. Reilly,1,487,5614,32,7127,41,3613,20,837,4,178,1,3757,Fiction
14.99,Colored Television,3.6,12591,1882,288.0,"['Fiction', 'Contemporary', 'Literary Fiction', 'Audiobook', 'Race', 'Humor', 'African American']",2024,Danzy Senna,12,914,1893,15,5268,41,4195,33,1027,8,208,1,2151,Fiction
14.99,The Women,4.62,1035653,110505,471.0,"['Historical Fiction', 'Fiction', 'Audiobook', 'Historical', 'War', 'Book Club', 'Adult']",2024,Kristin Hannah,128,261000,723453,69,241612,23,58154,5,9789,0,2645,0,253147,Historical Fiction
14.99,James,4.52,208118,24140,303.0,"['Fiction', 'Historical Fiction', 'Audiobook', 'Literary Fiction', 'Historical', 'Race', 'Retellings']",2024,Percival Everett,72,6187,128286,61,63589,30,13506,6,2059,0,678,0,62431,Historical Fiction
14.99,The Frozen River,4.42,267714,28708,432.0,"['Historical Fiction', 'Fiction', 'Mystery', 'Audiobook', 'Historical', 'Thriller', 'Mystery Thriller']",2023,Ariel Lawhon,9,7327,143173,53,98299,36,22348,8,3039,1,855,0,47850,Historical Fiction
3.99,The Booklover's Library,4.01,10242,1483,416.0,"['Historical Fiction', 'Fiction', 'Books About Books', 'Historical', 'World War II', 'Audiobook', 'War']",2024,Madeline  Martin,75,3659,2985,29,4802,46,2120,20,283,2,52,0,32873,Historical Fiction
14.99,The Lion Women of Tehran,4.5,50247,6144,327.0,"['Historical Fiction', 'Fiction', 'Audiobook', 'Historical', 'Iran', 'Coming Of Age', 'Literary Fiction']",2024,Marjan Kamali,5,3178,29118,57,17696,35,3084,6,284,0,65,0,24781,Historical Fiction
14.99,By Any Other Name,4.13,63864,8454,544.0,"['Historical Fiction', 'Fiction', 'Audiobook', 'Historical', 'Contemporary', 'Romance', 'Feminism']",2024,Jodi Picoult,95,89800,25098,39,25483,39,10438,16,2095,3,750,1,24147,Historical Fiction
0.0,The Briar Club,4.31,105035,10857,432.0,"['Historical Fiction', 'Fiction', 'Mystery', 'Audiobook', 'Historical', 'Thriller', 'Mystery Thriller']",2024,Kate Quinn,27,34300,48431,46,43519,41,11135,10,1547,1,403,0,23252,Historical Fiction
14.99,Husbands & Lovers,4.13,55918,6351,384.0,"['Historical Fiction', 'Romance', 'Fiction', 'Audiobook', 'Historical', 'Contemporary', 'Chick Lit']",2024,Beatriz Williams,34,9703,19798,35,25487,45,8934,15,1390,2,309,0,15892,Historical Fiction
13.99,The Seventh Veil of Salome,3.77,8146,1631,321.0,"['Historical Fiction', 'Fiction', 'Historical', 'Mystery', 'Romance', 'Audiobook', 'Adult']",2024,Silvia Moreno-Garcia,147,24200,1665,20,3577,43,2391,29,424,5,89,1,14864,Historical Fiction
14.99,Anita de Monte Laughs Last,3.81,34675,4330,342.0,"['Fiction', 'Historical Fiction', 'Audiobook', 'Mystery', 'Art', 'Contemporary', 'Literary Fiction']",2024,Xóchitl González,3,2454,8783,25,14185,40,8875,25,2023,5,809,2,12716,Historical Fiction
14.99,There Are Rivers in the Sky,4.43,18362,3017,464.0,"['Historical Fiction', 'Fiction', 'Literary Fiction', 'Historical', 'Contemporary', 'Audiobook', 'British Literature']",2024,Elif Shafak,67,30300,10483,57,5781,31,1695,9,332,1,71,0,5334,Historical Fiction
0.0,Behind Every Good Man,4.31,16596,1708,349.0,"['Historical Fiction', 'Romance', 'Fiction', 'Audiobook', 'Chick Lit', 'Historical', 'Humor']",2024,Sara Goodman Confino,11,2627,7625,45,6837,41,1898,11,191,1,45,0,4345,Historical Fiction
,Long Island,3.75,53385,5771,294.0,"['Fiction', 'Historical Fiction', 'Ireland', 'Audiobook', 'Irish Literature', 'Literary Fiction', 'Historical']",2024,Colm Tóibín,217,4738,11858,22,21917,41,14898,27,3734,6,978,1,4180,Historical Fiction
13.99,The Paris Novel,3.83,34185,3792,288.0,"['Fiction', 'Historical Fiction', 'Food', 'France', 'Travel', 'Audiobook', 'Romance']",2024,Ruth Reichl,79,2793,10492,30,12038,35,8252,24,2027,5,1376,4,3692,Historical Fiction
14.99,The Great Divide,3.67,19501,2587,321.0,"['Historical Fiction', 'Fiction', 'Historical', 'Audiobook', 'Literary Fiction', 'Adult', 'Adult Fiction']",2024,Cristina Henríquez,7,978,3039,15,8503,43,6681,34,1115,5,163,0,3295,Historical Fiction
14.99,The Love Elixir of Augusta Stern,4.1,14042,2569,320.0,"['Historical Fiction', 'Romance', 'Fiction', 'Magical Realism', 'Fantasy', 'Audiobook', 'Historical']",2024,Lynda Cohen Loigman,4,1965,4541,32,6738,47,2454,17,265,1,44,0,3263,Historical Fiction
13.99,The Storm We Made,3.85,18823,2578,352.0,"['Historical Fiction', 'Fiction', 'Historical', 'World War II', 'Asia', 'Audiobook', 'War']",2024,Vanessa  Chan,2,363,4265,22,8587,45,4981,26,821,4,169,0,3072,Historical Fiction
13.99,The Bullet Swallower,3.78,10735,1971,272.0,"['Historical Fiction', 'Fiction', 'Magical Realism', 'Westerns', 'Fantasy', 'Historical', 'Audiobook']",2024,Elizabeth Gonzalez James,6,465,2379,22,4592,42,2978,27,642,5,144,1,3015,Historical Fiction
11.99,The Phoenix Crown,3.83,32095,3315,384.0,"['Historical Fiction', 'Fiction', 'Mystery', 'Historical', 'Audiobook', 'Thriller', 'Mystery Thriller']",2024,Kate Quinn,27,34300,6839,21,14730,45,8904,27,1375,4,247,0,1968,Historical Fiction
9.99,Shelterwood,3.86,23433,3046,368.0,"['Historical Fiction', 'Fiction', 'Mystery', 'Audiobook', 'Historical', 'Adult', 'Native American']",2024,Lisa Wingate,46,12400,5644,24,10471,44,6029,25,1047,4,242,1,1946,Historical Fiction
14.99,The God of the Woods,4.17,339586,39721,478.0,"['Mystery', 'Fiction', 'Thriller', 'Mystery Thriller', 'Historical Fiction', 'Audiobook', 'Literary Fiction']",2024,Liz    Moore,8,5650,130991,38,147475,43,50698,14,8321,2,2101,0,82603,Mystery & Thriller
12.99,First Lie Wins,4.02,602089,55416,352.0,"['Thriller', 'Mystery', 'Audiobook', 'Fiction', 'Mystery Thriller', 'Suspense', 'Adult']",2024,Ashley Elston,7,5861,188259,31,267135,44,119112,19,23193,3,4390,0,74753,Mystery & Thriller
0.0,The Boyfriend,4.03,519635,48232,368.0,"['Thriller', 'Audiobook', 'Mystery', 'Mystery Thriller', 'Fiction', 'Suspense', 'Romance']",2024,Freida McFadden,51,159000,171662,33,220256,42,104783,20,19437,3,3497,0,57069,Mystery & Thriller
0.0,The Teacher,3.91,683287,66887,400.0,"['Thriller', 'Audiobook', 'Mystery', 'Mystery Thriller', 'Fiction', 'Suspense', 'Psychological Thriller']",2024,Freida McFadden,51,159000,214116,31,261081,38,154187,22,42066,6,11837,1,56944,Mystery & Thriller
13.99,All the Colors of the Dark,4.32,226523,28245,608.0,"['Fiction', 'Mystery', 'Thriller', 'Historical Fiction', 'Mystery Thriller', 'Audiobook', 'Crime']",2024,Chris  Whitaker,8,5411,120855,53,69994,30,26551,11,6639,2,2484,1,50047,Mystery & Thriller
13.99,Listen for the Lie,4.1,281457,34475,352.0,"['Mystery', 'Thriller', 'Audiobook', 'Mystery Thriller', 'Fiction', 'Suspense', 'Crime']",2024,Amy Tintera,10,5497,88872,31,139584,49,45673,16,6169,2,1159,0,47313,Mystery & Thriller
,We Solve Murders,4.13,93310,11030,387.0,"['Mystery', 'Fiction', 'Audiobook', 'Mystery Thriller', 'Crime', 'Thriller', 'Cozy Mystery']",2024,Richard Osman,30,15400,33584,35,41638,44,15223,16,2340,2,525,0,43327,Mystery & Thriller
9.99,Home Is Where the Bodies Are,3.81,187347,20836,256.0,"['Thriller', 'Mystery', 'Audiobook', 'Mystery Thriller', 'Fiction', 'Horror', 'Suspense']",2024,Jeneva Rose,15,26900,41702,22,82028,43,52369,27,9731,5,1517,0,34554,Mystery & Thriller
2.99,The Midnight Feast,3.59,159033,18230,354.0,"['Mystery', 'Thriller', 'Fiction', 'Mystery Thriller', 'Audiobook', 'Suspense', 'Crime']",2024,Lucy Foley,21,33600,26287,16,61569,38,54056,33,14157,8,2964,1,30672,Mystery & Thriller
,How to Solve Your Own Murder,3.79,68075,9212,358.0,"['Mystery', 'Fiction', 'Mystery Thriller', 'Audiobook', 'Thriller', 'Cozy Mystery', 'Crime']",2024,Kristen Perrin,5,1096,13372,19,31559,46,19435,28,3184,4,525,0,29969,Mystery & Thriller
14.99,Middle of the Night,3.69,116894,15558,367.0,"['Thriller', 'Mystery', 'Mystery Thriller', 'Fiction', 'Horror', 'Audiobook', 'Suspense']",2024,Riley Sager,17,47700,20969,17,49363,42,37466,32,7802,6,1294,1,11836,Mystery & Thriller
,The Mystery Guest,3.81,130185,14100,293.0,"['Mystery', 'Fiction', 'Audiobook', 'Mystery Thriller', 'Thriller', 'Cozy Mystery', 'Crime']",2023,Nita Prose,17,7063,25083,19,61079,46,38430,29,4943,3,650,0,11798,Mystery & Thriller
0.0,Darling Girls,4.01,156025,17770,359.0,"['Thriller', 'Mystery', 'Fiction', 'Mystery Thriller', 'Audiobook', 'Suspense', 'Adult']",2024,Sally Hepworth,20,45500,44166,28,75472,48,31368,20,4295,2,724,0,9509,Mystery & Thriller
0.0,The Heiress,3.85,134651,15512,294.0,"['Mystery', 'Thriller', 'Fiction', 'Mystery Thriller', 'Audiobook', 'Suspense', 'Adult']",2024,Rachel Hawkins,28,19400,28667,21,63832,47,36440,27,5028,3,684,0,7778,Mystery & Thriller
14.99,The Last One at the Wedding,3.65,61259,7690,352.0,"['Thriller', 'Mystery', 'Mystery Thriller', 'Fiction', 'Audiobook', 'Suspense', 'Horror']",2024,Jason Rekulak,11,6194,9474,15,26586,43,20270,33,4171,6,758,1,5189,Mystery & Thriller
9.99,The Night We Lost Him,3.64,54559,5659,298.0,"['Mystery', 'Fiction', 'Thriller', 'Audiobook', 'Mystery Thriller', 'Suspense', 'Adult']",2024,Laura Dave,13,10500,8225,15,22823,41,19443,35,3571,6,497,0,4889,Mystery & Thriller
0.0,The Return of Ellie Black,4.01,64143,7638,299.0,"['Mystery', 'Thriller', 'Mystery Thriller', 'Fiction', 'Audiobook', 'Suspense', 'Crime']",2024,Emiko Jean,9,2522,17375,27,31927,49,12942,20,1604,2,295,0,4770,Mystery & Thriller
13.99,Society of Lies,3.55,36665,3668,384.0,"['Thriller', 'Mystery', 'Mystery Thriller', 'Fiction', 'Audiobook', 'Crime', 'Suspense']",2024,Lauren Ling Brown,1,608,5236,14,14050,38,13726,37,3100,8,553,1,3691,Mystery & Thriller
14.99,House of Glass,3.88,43424,6369,341.0,"['Thriller', 'Mystery', 'Mystery Thriller', 'Fiction', 'Audiobook', 'Suspense', 'Psychological Thriller']",2024,Sarah Pekkanen,29,6502,9581,22,21233,48,10643,24,1693,3,274,0,3505,Mystery & Thriller
0.0,Not What She Seems,3.79,14495,767,396.0,"['Mystery', 'Thriller', 'Mystery Thriller', 'Fiction', 'Suspense', 'Crime', 'Drama']",2024,Yasmin Angoe,4,540,4334,29,4888,33,3624,25,1161,8,488,3,1531,Mystery & Thriller
12.99,Funny Story,4.22,875173,115610,400.0,"['Romance', 'Fiction', 'Audiobook', 'Contemporary', 'Contemporary Romance', 'Adult', 'Chick Lit']",2024,Emily Henry,20,159000,360650,41,371585,42,122388,13,17182,1,3368,0,179349,Romance
0.0,Just for the Summer,4.38,666135,87341,432.0,"['Audiobook', 'Fiction', 'Contemporary', 'Contemporary Romance', 'Adult', 'Chick Lit', 'Mental Health']",2024,Abby Jimenez,12,64800,346009,51,240994,36,66729,10,10257,1,2146,0,140786,Romance
13.99,Bride,4.0,506800,86282,396.0,"['Romance', 'Fantasy', 'Paranormal', 'Vampires', 'Romantasy', 'Paranormal Romance', 'Audiobook']",2024,Ali Hazelwood,17,138000,163478,32,215207,42,99041,19,22852,4,6222,1,99290,Romance
,Leather & Lark,4.0,181255,24367,416.0,"['Dark Romance', 'Audiobook', 'Dark', 'Enemies To Lovers', 'Contemporary', 'Thriller', 'Fiction']",2024,Brynne Weaver,12,16000,58268,32,75677,41,38240,21,7690,4,1380,0,41321,Romance
,Play Along,4.48,166657,20544,382.0,"['Romance', 'Sports Romance', 'Sports', 'Contemporary', 'Contemporary Romance', 'Workplace Romance', 'Baseball']",2024,Liz Tomforde,9,20800,96807,58,55284,33,12798,7,1452,0,316,0,40988,Romance
,King of Sloth,4.0,156329,16070,464.0,"['Romance', 'Contemporary Romance', 'Contemporary', 'Enemies To Lovers', 'Billionaire Romance', 'Dark Romance', 'Adult']",2024,Ana Huang,26,115000,50585,32,64877,41,32950,21,6474,4,1443,0,39476,Romance
,Wild Love,4.05,235653,28231,455.0,"['Romance', 'Contemporary Romance', 'Small Town Romance', 'Contemporary', 'Friends To Lovers', 'Fiction', 'Audiobook']",2024,Elsie Silver,21,47600,80656,34,99237,42,45265,19,8716,3,1779,0,34992,Romance
,The Cinnamon Bun Book Store,3.73,108651,12904,348.0,"['Romance', 'Fiction', 'Contemporary', 'Audiobook', 'Adult', 'Contemporary Romance', 'Mystery']",2024,Laurie Gilmore,9,5763,21437,19,45183,41,34106,31,6695,6,1230,1,33652,Romance
12.99,The Paradise Problem,4.09,279732,31352,352.0,"['Romance', 'Audiobook', 'Fiction', 'Contemporary', 'Contemporary Romance', 'Chick Lit', 'Adult']",2024,Christina Lauren,97,91500,88535,31,137507,49,46401,16,6183,2,1106,0,32715,Romance
11.99,This Summer Will Be Different,3.98,251458,28674,368.0,"['Romance', 'Fiction', 'Audiobook', 'Contemporary', 'Contemporary Romance', 'Chick Lit', 'Adult']",2024,Carley Fortune,10,19800,73152,29,112247,44,54576,21,9820,3,1663,0,29357,Romance
0.0,The Pairing,3.73,30431,8454,432.0,"['Romance', 'LGBT', 'Queer', 'Contemporary', 'Fiction', 'Adult', 'Audiobook']",2024,Casey McQuiston,7,40300,8573,28,10060,33,7770,25,3144,10,884,2,11640,Romance
,Daydream,3.96,150687,22509,433.0,"['Romance', 'Sports Romance', 'Sports', 'Contemporary', 'Friends To Lovers', 'Audiobook', 'Hockey']",2024,Hannah  Grace,5,42300,46749,31,61187,40,34266,22,6985,4,1500,0,11560,Romance
14.99,The Rom-Commers,4.1,129866,21658,336.0,"['Romance', 'Audiobook', 'Fiction', 'Contemporary', 'Contemporary Romance', 'Chick Lit', 'Adult']",2024,Katherine Center,24,25000,45759,35,56920,43,22324,17,4084,3,779,0,10607,Romance
10.99,Not in Love,3.64,198425,32392,384.0,"['Contemporary', 'Contemporary Romance', 'Audiobook', 'Fiction', 'Adult', 'Enemies To Lovers', 'Chick Lit']",2024,Ali Hazelwood,17,138000,39527,19,74142,37,62189,31,18058,9,4509,2,10380,Romance
,This Could Be Us,4.4,36679,6809,416.0,"['Romance', 'Audiobook', 'Contemporary Romance', 'Contemporary', 'Fiction', 'Adult', 'African American Romance']",2024,Kennedy Ryan,70,31000,19796,53,12559,34,3683,10,544,1,97,0,7742,Romance
,Swift and Saddled,3.94,102909,16994,320.0,"['Romance', 'Westerns', 'Audiobook', 'Contemporary', 'Contemporary Romance', 'Small Town Romance', 'Fiction']",2024,Lyla Sage,11,8690,26699,25,47130,45,25531,24,3149,3,400,0,6751,Romance
14.99,A Love Song for Ricki Wilde,4.03,32405,6217,352.0,"['Romance', 'Fiction', 'Magical Realism', 'Historical Fiction', 'Audiobook', 'Contemporary', 'Fantasy']",2024,Tia Williams,26,4949,11268,34,12881,39,6611,20,1333,4,312,0,6038,Romance
1.99,How to End a Love Story,3.66,97484,13538,384.0,"['Romance', 'Fiction', 'Contemporary', 'Audiobook', 'Contemporary Romance', 'Adult', 'Chick Lit']",2024,Yulin Kuang,1,1741,18268,18,39291,40,30312,31,7830,8,1783,1,5856,Romance
2.99,The Love of My Afterlife,4.08,48213,9920,369.0,"['Romance', 'Fantasy', 'Fiction', 'Magical Realism', 'Contemporary', 'Audiobook', 'Contemporary Romance']",2024,Kirsty Greenwood,17,1705,16369,33,21665,44,8407,17,1407,2,365,0,5488,Romance
,Lies and Weddings,3.76,38208,4629,437.0,"['Romance', 'Fiction', 'Contemporary', 'Audiobook', 'Chick Lit', 'Humor', 'Adult']",2024,Kevin Kwan,13,21600,7884,20,16604,43,10955,28,2255,5,510,1,4979,Romance
,House of Flame and Shadow,4.2,513474,57033,835.0,"['Fantasy', 'Romance', 'Romantasy', 'Fae', 'Fantasy Romance', 'Fiction', 'Audiobook']",2024,Sarah J. Maas,122,494000,234448,45,174777,34,82738,16,17363,3,4148,0,122895,Romantasy
,Apprentice to the Villain,4.13,94203,12394,336.0,"['Fantasy', 'Romance', 'Romantasy', 'Audiobook', 'Fiction', 'Magic', 'Fantasy Romance']",2024,Hannah Nicole Maehrer,6,8915,35102,37,39332,41,16696,17,2608,2,465,0,56345,Romantasy
,Quicksilver,4.42,295769,39110,588.0,"['Fantasy', 'Romantasy', 'Romance', 'Fae', 'Fantasy Romance', 'Enemies To Lovers', 'Vampires']",2024,Callie Hart,46,15100,170456,57,89733,30,27714,9,5653,1,2213,0,49930,Romantasy
,When the Moon Hatched,4.04,176659,27246,576.0,"['Fantasy', 'Romantasy', 'Romance', 'Dragons', 'Fantasy Romance', 'Fae', 'Fiction']",2024,Sarah A. Parker,5,6368,71866,40,60040,33,30073,17,9971,5,4709,2,48611,Romantasy
14.99,The Spellshop,4.06,61919,12810,377.0,"['Fantasy', 'Romance', 'Cozy', 'Fiction', 'Audiobook', 'Magic', 'Romantasy']",2024,Sarah Beth Durst,42,4342,21501,34,25806,41,12051,19,2112,3,449,0,39760,Romantasy
,A Fate Inked in Blood,3.94,126486,21976,419.0,"['Fantasy', 'Romance', 'Romantasy', 'Mythology', 'Fantasy Romance', 'Audiobook', 'Fiction']",2024,Danielle L. Jensen,28,17200,38063,30,52871,41,27474,21,6461,5,1617,1,35858,Romantasy
,Phantasma,4.1,125638,20792,512.0,"['Fantasy', 'Romance', 'Romantasy', 'Dark Romance', 'Paranormal', 'Fantasy Romance', 'Horror']",2024,Kaylie Smith,5,2659,46891,37,51163,40,21641,17,4755,3,1188,0,32174,Romantasy
,Restless Stars,4.29,48939,5616,891.0,"['Fantasy', 'Romantasy', 'Romance', 'Fae', 'Fantasy Romance', 'Vampires', 'Paranormal']",2024,Caroline Peckham,96,23000,25413,51,14890,30,6518,13,1546,3,572,1,22647,Romantasy
,Born of Blood and Ash,4.09,40731,4102,723.0,"['Fantasy', 'Romantasy', 'Romance', 'Fantasy Romance', 'Audiobook', 'Fiction', 'Adult']",2024,Jennifer L. Armentrout,165,149000,16721,41,13875,34,7632,18,1922,4,581,1,19586,Romantasy
,A Touch of Chaos,3.94,45263,4196,575.0,"['Fantasy', 'Romance', 'Mythology', 'Romantasy', 'Greek Mythology', 'Dark Romance', 'Fantasy Romance']",2024,Scarlett St.  Clair,33,28400,15488,34,16056,35,10136,22,2767,6,816,1,18975,Romantasy
6.99,The Honey Witch,3.58,16083,4097,368.0,"['Fantasy', 'Romance', 'LGBT', 'Lesbian', 'Witches', 'Queer', 'Fiction']",2024,Sydney J. Shields,1,914,3195,19,5633,35,5025,31,1759,10,471,2,7790,Romantasy
,Faebound,3.57,19731,4857,386.0,"['Fantasy', 'Romance', 'Romantasy', 'Lesbian', 'LGBT', 'Queer', 'Fae']",2024,Saara El-Arifi,8,2570,3524,17,7336,37,6233,31,2066,10,572,2,7648,Romantasy
11.99,A Dark and Drowning Tide,3.61,9626,3535,384.0,"['Fantasy', 'Romance', 'Lesbian', 'LGBT', 'Queer', 'Gothic', 'Mystery']",2024,Allison Saft,6,3094,1871,19,3597,37,2945,30,979,10,234,2,7246,Romantasy
,Blood of Hercules,4.05,52985,8533,496.0,"['Fantasy', 'Romance', 'Romantasy', 'Mythology', 'Reverse Harem', 'Dark Romance', 'Enemies To Lovers']",2024,Jasmine Mas,9,5158,24095,45,15407,29,7976,15,3183,6,2324,4,6264,Romantasy
,The Games Gods Play,4.16,46643,7207,592.0,"['Fantasy', 'Romantasy', 'Romance', 'Mythology', 'Fantasy Romance', 'Audiobook', 'Fiction']",2024,Abigail Owen,46,3422,19532,41,17644,37,7318,15,1653,3,496,1,6117,Romantasy
,Gold,4.1,60143,5807,768.0,"['Romantasy', 'Romance', 'Fantasy', 'Fantasy Romance', 'Fae', 'Magic', 'Fiction']",2023,Raven Kennedy,43,16500,24317,40,21580,35,10975,18,2588,4,683,1,5617,Romantasy
,The Veiled Kingdom,3.83,46037,7488,368.0,"['Fantasy', 'Romantasy', 'Romance', 'Fantasy Romance', 'Enemies To Lovers', 'Fae', 'Magic']",2024,Holly Renee,28,6243,13620,29,17039,37,10711,23,3308,7,1359,2,3388,Romantasy
,A Crown This Cold and Heavy,4.15,39725,2699,396.0,"['Fantasy', 'Romantasy', 'Romance', 'Fae', 'Audiobook', 'Fantasy Romance', 'Magic']",2023,Stacia Stark,21,3671,15449,38,16323,41,6781,17,1005,2,167,0,3168,Romantasy
,Fate of the Sun King,4.0,23103,2794,560.0,"['Fantasy', 'Romantasy', 'Romance', 'Fantasy Romance', 'Fae', 'Enemies To Lovers', 'Magic']",2024,Nisha J. Tuli,18,3070,7129,30,10148,43,4789,20,875,3,162,0,2882,Romantasy
,A Promise of Peridot,4.04,18831,2541,464.0,"['Fantasy', 'Romantasy', 'Romance', 'Fantasy Romance', 'Fae', 'Enemies To Lovers', 'Dragons']",2024,Kate  Golden,5,2639,5773,30,8838,46,3539,18,563,2,118,0,2404,Romantasy
,Somewhere Beyond the Sea,4.21,96040,15003,416.0,"['Fantasy', 'Fiction', 'LGBT', 'Audiobook', 'Romance', 'Queer', 'Adult']",2024,T.J. Klune,71,55300,43348,45,33864,35,14801,15,3240,3,787,0,69854,Fantasy
14.99,The Familiar,3.78,95936,17067,387.0,"['Fantasy', 'Historical Fiction', 'Historical', 'Fiction', 'Romance', 'Audiobook', 'Adult']",2024,Leigh Bardugo,73,178000,22583,23,38613,40,26893,28,6478,6,1369,1,68564,Fantasy
,Emily Wilde’s Map of the Otherlands,4.29,66797,11361,345.0,"['Fantasy', 'Romance', 'Fiction', 'Historical Fiction', 'Audiobook', 'Fae', 'Adult']",2024,Heather Fawcett,16,7621,28640,42,30011,44,7341,10,682,1,123,0,50157,Fantasy
14.99,The Book of Doors,4.05,53238,9974,404.0,"['Fantasy', 'Fiction', 'Magical Realism', 'Time Travel', 'Books About Books', 'Audiobook', 'Romance']",2024,Gareth  Brown,2,1471,19297,36,21215,39,9513,17,2420,4,793,1,33455,Fantasy
,Empire of the Damned,4.57,19510,3410,709.0,"['Fantasy', 'Vampires', 'Horror', 'Fiction', 'Adult', 'Paranormal', 'Audiobook']",2024,Jay Kristoff,78,28100,12990,66,5003,25,1198,6,231,1,88,0,28376,Fantasy
,Five Broken Blades,3.83,28381,6375,474.0,"['Fantasy', 'Romance', 'Romantasy', 'Fiction', 'Audiobook', 'Adult', 'Fantasy Romance']",2024,Mai Corland,5,811,7496,26,11802,41,6436,22,1918,6,729,2,28356,Fantasy
12.99,The Fox Wife,4.0,17509,3327,390.0,"['Fantasy', 'Historical Fiction', 'Fiction', 'Mystery', 'Mythology', 'Historical', 'Magical Realism']",2024,Yangsze Choo,5,10800,5493,31,7571,43,3613,20,681,3,151,0,21029,Fantasy
13.99,The Lost Story,3.81,29238,6478,352.0,"['Fantasy', 'Fiction', 'Magical Realism', 'Mystery', 'Romance', 'Audiobook', 'Adult']",2024,Meg Shaffer,2,3444,8036,27,10915,37,7495,25,2207,7,585,2,20328,Fantasy
,The Tainted Cup,4.31,33065,6731,410.0,"['Fantasy', 'Mystery', 'Fiction', 'Mystery Thriller', 'Audiobook', 'Thriller', 'Adult']",2024,Robert Jackson Bennett,29,20000,15649,47,13000,39,3626,10,632,1,158,0,19218,Fantasy
,The Black Bird Oracle,4.09,27920,2810,444.0,"['Fantasy', 'Fiction', 'Witches', 'Paranormal', 'Vampires', 'Magic', 'Audiobook']",2024,Deborah Harkness,34,33000,11157,39,9776,35,5550,19,1224,4,213,0,18784,Fantasy
14.99,An Academy for Liars,3.49,12302,2871,464.0,"['Fantasy', 'Horror', 'Gothic', 'Adult', 'Fiction', 'Mystery', 'Paranormal']",2024,Alexis Henderson,9,3695,1878,15,4430,36,4132,33,1544,12,318,2,8243,Fantasy
14.99,A Sorceress Comes to Call,4.1,27356,5309,327.0,"['Fantasy', 'Horror', 'Fiction', 'Retellings', 'Audiobook', 'Adult', 'Magic']",2024,T. Kingfisher,54,18500,9160,33,12730,46,4622,16,734,2,110,0,8073,Fantasy
0.0,A Song to Drown Rivers,3.9,16533,4450,325.0,"['Fantasy', 'Historical Fiction', 'Romance', 'Fiction', 'Historical', 'Retellings', 'Young Adult']",2024,Ann Liang,9,8518,4923,29,6412,38,3946,23,1069,6,183,1,7438,Fantasy
12.99,The Warm Hands of Ghosts,4.0,22775,4766,325.0,"['Historical Fiction', 'Fantasy', 'Fiction', 'Historical', 'Paranormal', 'Magical Realism', 'Adult']",2024,Katherine Arden,16,17300,7536,33,9149,40,4796,21,1031,4,263,1,6222,Fantasy
,When Among Crows,3.72,17452,4042,166.0,"['Fantasy', 'Urban Fantasy', 'Fiction', 'Novella', 'Audiobook', 'Adult', 'Mythology']",2024,Veronica Roth,56,462000,3622,20,7148,40,5122,29,1279,7,281,1,5726,Fantasy
,The Night Ends with Fire,3.8,9230,2275,432.0,"['Fantasy', 'Romance', 'Retellings', 'Dragons', 'Mythology', 'Fiction', 'Adult']",2024,K.X. Song,3,631,2296,24,3772,40,2325,25,653,7,184,1,4747,Fantasy
6.99,The Bright Sword,4.0,12814,2189,673.0,"['Fantasy', 'Fiction', 'Historical Fiction', 'Mythology', 'Retellings', 'Audiobook', 'Arthurian']",2024,Lev Grossman,50,9874,4493,35,4937,38,2547,19,626,4,211,1,4282,Fantasy
2.99,Voyage of the Damned,3.9,10246,2715,464.0,"['Fantasy', 'Mystery', 'LGBT', 'Fiction', 'Queer', 'Romance', 'Adult']",2024,Frances   White,2,652,3139,30,4063,39,2140,20,641,6,263,2,4180,Fantasy
11.99,The Dead Cat Tail Assassins,3.93,5322,1462,213.0,"['Fantasy', 'Novella', 'Fiction', 'Adult', 'Audiobook', 'Science Fiction', 'Mystery']",2024,P. Djèlí Clark,57,5570,1362,25,2491,46,1221,22,207,3,41,0,3635,Fantasy
10.99,A Sweet Sting of Salt,3.85,4593,1271,352.0,"['Fantasy', 'Historical Fiction', 'Romance', 'LGBT', 'Queer', 'Lesbian', 'Fiction']",2024,Rose Sutherland,1,245,1158,25,1972,42,1151,25,258,5,54,1,3048,Fantasy
14.99,The Ministry of Time,3.61,109306,19553,352.0,"['Science Fiction', 'Fiction', 'Romance', 'Time Travel', 'Fantasy', 'Audiobook', 'Historical Fiction']",2024,Kaliane Bradley,3,1181,21089,19,40082,36,34765,31,10917,9,2453,2,78459,Science Fiction
,The Family Experiment,4.07,30105,4414,384.0,"['Thriller', 'Science Fiction', 'Fiction', 'Audiobook', 'Dystopia', 'Mystery Thriller', 'Mystery']",2024,John Marrs,23,19700,10089,33,13422,44,5472,18,893,2,229,0,34821,Science Fiction
10.49,Annie Bot,3.83,44621,9058,231.0,"['Science Fiction', 'Fiction', 'Audiobook', 'Feminism', 'Romance', 'Adult', 'Fantasy']",2024,Sierra Greer,1,730,10036,22,20694,46,10878,24,2408,5,605,1,30208,Science Fiction
,The Mercy of Gods,4.19,22350,2504,422.0,"['Science Fiction', 'Fiction', 'Space Opera', 'Audiobook', 'Space', 'Fantasy', 'Science Fiction Fantasy']",2024,James S.A. Corey,73,24300,9168,41,9147,40,3334,14,551,2,150,0,17516,Science Fiction
8.67,Orbital,3.64,54705,9951,207.0,"['Fiction', 'Science Fiction', 'Literary Fiction', 'Audiobook', 'Contemporary', 'Space', 'Novella']",2023,Samantha Harvey,12,793,12636,23,18985,34,15512,28,5800,10,1772,3,16487,Science Fiction
14.99,The Stardust Grail,3.7,5084,1044,312.0,"['Science Fiction', 'Fiction', 'Fantasy', 'Audiobook', 'Space', 'Adult', 'Aliens']",2024,Yume Kitasei,7,740,964,18,2171,42,1501,29,354,6,94,1,14098,Science Fiction
,Extinction,4.09,17120,1986,370.0,"['Thriller', 'Science Fiction', 'Fiction', 'Mystery', 'Horror', 'Audiobook', 'Mystery Thriller']",2024,Douglas Preston,187,12900,6379,37,6838,39,3084,18,664,3,155,0,13326,Science Fiction
,Moon of the Turning Leaves,4.25,7774,1147,320.0,"['Fiction', 'Indigenous', 'Horror', 'Dystopia', 'Science Fiction', 'Audiobook', 'Canada']",2023,Waubgeshig Rice,11,1890,3275,42,3341,42,1023,13,114,1,21,0,12860,Science Fiction
9.24,I Cheerfully Refuse,4.01,14651,2847,336.0,"['Fiction', 'Science Fiction', 'Dystopia', 'Audiobook', 'Fantasy', 'Literary Fiction', 'Books About Books']",2024,Leif Enger,19,2317,4959,33,5898,40,2896,19,707,4,191,1,11757,Science Fiction
13.99,The Other Valley,3.88,14782,2907,290.0,"['Science Fiction', 'Fiction', 'Fantasy', 'Time Travel', 'Magical Realism', 'Audiobook', 'Literary Fiction']",2024,Scott Alexander Howard,3,386,3987,26,6224,42,3590,24,829,5,152,1,11322,Science Fiction
14.99,Beautyland,4.11,19542,3552,336.0,"['Fiction', 'Science Fiction', 'Audiobook', 'Literary Fiction', 'Fantasy', 'Coming Of Age', 'Contemporary']",2024,Marie-Helene Bertino,11,772,7814,39,7259,37,3484,17,803,4,182,0,4811,Science Fiction
,Absolution,3.67,5067,1052,441.0,"['Science Fiction', 'Horror', 'Fiction', 'Fantasy', 'Weird Fiction', 'Audiobook', 'Speculative Fiction']",2024,Jeff VanderMeer,242,15600,1199,23,1843,36,1365,26,490,9,170,3,4659,Science Fiction
,Red Side Story,4.46,6398,991,459.0,"['Fantasy', 'Fiction', 'Science Fiction', 'Dystopia', 'Humor', 'Audiobook', 'Science Fiction Fantasy']",2024,Jasper Fforde,53,12700,3618,56,2213,34,487,7,60,0,20,0,4637,Science Fiction
14.99,I'm Starting to Worry About This Black Box of Doom,4.04,6394,1238,400.0,"['Fiction', 'Science Fiction', 'Humor', 'Mystery', 'Thriller', 'Audiobook', 'Contemporary']",2024,Jason Pargin,16,2644,2253,35,2622,41,1122,17,311,4,86,1,4357,Science Fiction
14.99,Service Model,4.05,9235,1510,376.0,"['Science Fiction', 'Fiction', 'Audiobook', 'Dystopia', 'Humor', 'Robots', 'Science Fiction Fantasy']",2024,Adrian Tchaikovsky,193,14700,3194,34,3861,41,1703,18,384,4,93,1,3380,Science Fiction
14.99,Sky Full of Elephants,3.86,3888,851,304.0,"['Fiction', 'Science Fiction', 'Fantasy', 'Dystopia', 'Speculative Fiction', 'Race', 'Audiobook']",2024,Cebo Campbell,5,231,1062,27,1567,40,986,25,214,5,59,1,3303,Science Fiction
18.99,Baby X,3.83,5534,1378,326.0,"['Science Fiction', 'Thriller', 'Fiction', 'Mystery', 'Dystopia', 'Mystery Thriller', 'Fantasy']",2024,Kira Peikoff,6,404,1231,22,2572,46,1364,24,309,5,58,1,3170,Science Fiction
15.99,The Blueprint,3.85,1332,266,304.0,"['Science Fiction', 'Fiction', 'Dystopia', 'Historical Fiction', 'Speculative Fiction', 'Historical', 'Audiobook']",2024,Rae Giana Rashad,1,113,376,28,525,39,311,23,92,6,28,2,2875,Science Fiction
0.0,Yours for the Taking,3.66,3564,857,336.0,"['Science Fiction', 'Fiction', 'LGBT', 'Queer', 'Dystopia', 'Lesbian', 'Audiobook']",2023,Gabrielle  Korn,3,216,720,20,1394,39,1052,29,304,8,94,2,2769,Science Fiction
9.0,In Ascension,3.77,11278,1847,496.0,"['Science Fiction', 'Fiction', 'Literary Fiction', 'Fantasy', 'Audiobook', 'Speculative Fiction', 'Contemporary']",2023,Martin MacInnes,7,381,2915,25,4293,38,2866,25,955,8,249,2,2495,Science Fiction
14.99,You Like It Darker,4.24,60199,7657,502.0,"['Horror', 'Short Stories', 'Fiction', 'Thriller', 'Audiobook', 'Mystery', 'Fantasy']",2024,Stephen        King,2585,867000,25736,42,25022,41,7846,13,1250,2,345,0,60901,Horror
14.99,We Used to Live Here,3.72,113998,21255,312.0,"['Horror', 'Thriller', 'Audiobook', 'Fiction', 'Mystery', 'Mystery Thriller', 'Paranormal']",2024,Marcus Kliewer,1,2085,25282,22,45893,40,31006,27,9484,8,2333,2,46932,Horror
,What Feasts at Night,3.82,26652,4388,151.0,"['Horror', 'Fantasy', 'Gothic', 'Fiction', 'Novella', 'Historical Fiction', 'Audiobook']",2024,T. Kingfisher,54,18500,5708,21,11992,44,7611,28,1159,4,182,0,24093,Horror
12.99,Murder Road,3.69,45504,6626,341.0,"['Horror', 'Mystery', 'Thriller', 'Mystery Thriller', 'Paranormal', 'Fiction', 'Audiobook']",2024,Simone St. James,12,17500,7527,16,20146,44,14451,31,2920,6,460,1,23553,Horror
13.99,Bury Your Gays,4.15,12897,3116,295.0,"['Horror', 'LGBT', 'Queer', 'Fiction', 'Audiobook', 'Thriller', 'Adult']",2024,Chuck Tingle,486,3519,4983,38,5440,42,2005,15,382,2,87,0,20207,Horror
0.0,The Eyes Are the Best Part,3.85,23482,5699,278.0,"['Horror', 'Fiction', 'Thriller', 'Adult', 'Contemporary', 'Audiobook', 'Mystery']",2024,Monika Kim,2,866,5940,25,10178,43,5622,23,1414,6,328,1,17400,Horror
12.99,Incidents Around the House,3.64,55133,11015,367.0,"['Horror', 'Fiction', 'Thriller', 'Audiobook', 'Paranormal', 'Mystery', 'Adult']",2024,Josh Malerman,87,7791,11780,21,20601,37,15350,27,5786,10,1616,2,15757,Horror
14.99,I Was a Teenage Slasher,3.56,14254,3336,373.0,"['Horror', 'Fiction', 'Thriller', 'Audiobook', 'Adult', 'Mystery', 'Historical Fiction']",2024,Stephen Graham Jones,232,11700,3005,21,4885,34,4060,28,1667,11,637,4,15669,Horror
14.99,Diavola,3.85,20146,4319,293.0,"['Horror', 'Gothic', 'Fiction', 'Audiobook', 'Thriller', 'Paranormal', 'Mystery']",2024,Jennifer Marie Thorne,10,871,5394,26,8377,41,4701,23,1335,6,339,1,15154,Horror
14.99,Sleep Tight,3.67,18848,3128,336.0,"['Horror', 'Thriller', 'Mystery', 'Fiction', 'Mystery Thriller', 'Audiobook', 'Crime']",2024,J.H. Markert,5,680,3768,19,7411,39,5675,30,1640,8,354,1,12086,Horror
14.99,So Thirsty,3.52,16417,3656,304.0,"['Horror', 'Vampires', 'Fantasy', 'Paranormal', 'Fiction', 'Thriller', 'Audiobook']",2024,Rachel   Harrison,8,3896,2571,15,6017,36,5658,34,1798,10,373,2,5345,Horror
12.99,The Book of Witching,3.77,10926,1714,365.0,"['Horror', 'Fantasy', 'Historical Fiction', 'Witches', 'Fiction', 'Mystery', 'Gothic']",2024,C.J.  Cooke,9,1811,2162,19,4878,44,3197,29,597,5,92,0,5333,Horror
7.39,My Darling Dreadful Thing,3.86,9506,2023,375.0,"['Horror', 'Gothic', 'Fantasy', 'Fiction', 'LGBT', 'Queer', 'Lesbian']",2024,Johanna van Veen,3,481,2389,25,4131,43,2388,25,495,5,103,1,5327,Horror
13.99,A Sunny Place for Shady People,3.8,13515,2837,257.0,"['Horror', 'Short Stories', 'Fiction', 'Fantasy', 'Adult', 'Contemporary', 'Thriller']",2024,Mariana Enríquez,86,8543,3024,22,5783,42,3830,28,746,5,132,0,5159,Horror
14.99,The Bog Wife,3.63,5678,1254,336.0,"['Horror', 'Gothic', 'Fiction', 'Fantasy', 'Thriller', 'Mystery', 'Adult']",2024,Kay Chronister,26,232,999,17,2271,39,1807,31,491,8,110,1,4189,Horror
,The Angel of Indian Lake,4.16,6905,1470,455.0,"['Horror', 'Fiction', 'Audiobook', 'Thriller', 'Adult', 'Mystery', 'Indigenous']",2024,Stephen Graham Jones,232,11700,2925,42,2540,36,1132,16,251,3,57,0,3467,Horror
14.99,Indian Burial Ground,3.61,3355,684,370.0,"['Horror', 'Mystery', 'Fiction', 'Thriller', 'Fantasy', 'Indigenous', 'Mystery Thriller']",2024,Nick Medina,14,496,551,16,1364,40,1076,32,292,8,72,2,2969,Horror
14.99,House of Bone and Rain,3.88,2618,632,345.0,"['Horror', 'Fiction', 'Thriller', 'Mystery', 'Crime', 'Adult', 'Audiobook']",2024,Gabino Iglesias,81,1362,740,28,1037,39,649,24,160,6,32,1,1945,Horror
14.99,This Cursed House,3.64,2478,601,384.0,"['Horror', 'Historical Fiction', 'Gothic', 'Fiction', 'Paranormal', 'Mystery', 'Historical']",2024,Del Sandeen,9,133,400,16,1067,43,770,31,205,8,36,1,1690,Horror
,Blood Like Mine,3.64,1747,432,375.0,"['Horror', 'Thriller', 'Mystery', 'Fiction', 'Vampires', 'Mystery Thriller', 'Adult']",2024,Stuart Neville,30,936,346,19,662,37,541,30,167,9,31,1,820,Horror
1.99,How to End a Love Story,3.66,97484,13538,384.0,"['Romance', 'Fiction', 'Contemporary', 'Audiobook', 'Contemporary Romance', 'Adult', 'Chick Lit']",2024,Yulin Kuang,1,1741,18268,18,39291,40,30312,31,7830,8,1783,1,63605,Debut Novel
14.99,The Ministry of Time,3.61,109306,19553,352.0,"['Science Fiction', 'Fiction', 'Romance', 'Time Travel', 'Fantasy', 'Audiobook', 'Historical Fiction']",2024,Kaliane Bradley,3,1181,21089,19,40082,36,34765,31,10917,9,2453,2,44473,Debut Novel
14.99,We Used to Live Here,3.72,113998,21255,312.0,"['Horror', 'Thriller', 'Audiobook', 'Fiction', 'Mystery', 'Mystery Thriller', 'Paranormal']",2024,Marcus Kliewer,1,2085,25282,22,45893,40,31006,27,9484,8,2333,2,43234,Debut Novel
14.99,The Book of Doors,4.05,53238,9974,404.0,"['Fantasy', 'Fiction', 'Magical Realism', 'Time Travel', 'Books About Books', 'Audiobook', 'Romance']",2024,Gareth  Brown,2,1471,19297,36,21215,39,9513,17,2420,4,793,1,34967,Debut Novel
9.13,Welcome to the Hyunam-Dong Bookshop,3.97,48506,9350,307.0,"['Contemporary', 'Books About Books', 'Audiobook', 'Cozy', 'Literary Fiction', 'Slice Of Life', 'Adult']",2022,Hwang Bo-Reum,3,720,15273,31,19777,40,10711,22,2279,4,466,0,33169,Debut Novel
12.99,Martyr!,4.23,55785,10297,331.0,"['Fiction', 'Literary Fiction', 'Poetry', 'Contemporary', 'LGBT', 'Audiobook', 'Queer']",2024,Kaveh Akbar,26,1724,25532,45,20076,35,7892,14,1779,3,506,0,24186,Debut Novel
2.99,Voyage of the Damned,3.9,10246,2715,464.0,"['Fantasy', 'Mystery', 'LGBT', 'Fiction', 'Queer', 'Romance', 'Adult']",2024,Frances   White,2,652,3139,30,4063,39,2140,20,641,6,263,2,18744,Debut Novel
0.0,The Eyes Are the Best Part,3.85,23482,5699,278.0,"['Horror', 'Fiction', 'Thriller', 'Adult', 'Contemporary', 'Audiobook', 'Mystery']",2024,Monika Kim,2,866,5940,25,10178,43,5622,23,1414,6,328,1,17609,Debut Novel
10.99,The Truth According to Ember,3.7,5074,1513,358.0,"['Romance', 'Contemporary', 'Contemporary Romance', 'Fiction', 'Indigenous', 'Audiobook', 'Adult']",2024,Danica Nava,2,480,950,18,2152,42,1544,30,342,6,86,1,17134,Debut Novel
13.99,Greta & Valdin,3.99,17369,3254,352.0,"['Fiction', 'Queer', 'LGBT', 'Contemporary', 'Literary Fiction', 'Romance', 'Audiobook']",2021,Rebecca K. Reilly,1,487,5614,32,7127,41,3613,20,837,4,178,1,11372,Debut Novel
13.99,The Storm We Made,3.85,18823,2578,352.0,"['Historical Fiction', 'Fiction', 'Historical', 'World War II', 'Asia', 'Audiobook', 'War']",2024,Vanessa  Chan,2,363,4265,22,8587,45,4981,26,821,4,169,0,4833,Debut Novel
14.99,Daughters of Shandong,4.48,9149,1213,400.0,"['Historical Fiction', 'Fiction', 'China', 'Asia', 'Historical', 'Literary Fiction', 'Audiobook']",2024,Eve J. Chung,1,293,5171,56,3277,35,622,6,64,0,15,0,4517,Debut Novel
14.99,Masquerade,3.96,2592,777,352.0,"['Fantasy', 'Historical Fiction', 'Mythology', 'Fiction', 'Historical', 'Retellings', 'Adult']",2024,O.O. Sangoyomi,1,288,785,30,1090,42,563,21,126,4,28,1,4344,Debut Novel
13.99,The Things We Didn’t Know,3.86,2903,415,320.0,"['Historical Fiction', 'Fiction', 'Audiobook', 'Historical', 'Coming Of Age', 'Literary Fiction', 'Contemporary']",2024,Elba Iris Pérez,3,175,675,23,1313,45,771,26,125,4,19,0,3372,Debut Novel
12.99,All We Were Promised,3.8,6799,1086,368.0,"['Historical Fiction', 'Fiction', 'Historical', 'Audiobook', 'Civil War', 'Race', 'Adult']",2024,Ashton Lattimore,2,187,1318,19,3208,47,1950,28,272,4,51,0,3316,Debut Novel
0.0,Glorious Exploits,4.19,8265,1595,304.0,"['Historical Fiction', 'Fiction', 'Historical', 'Mythology', 'Humor', 'Audiobook', 'Italy']",2024,Ferdia  Lennon,1,330,3502,42,3244,39,1200,14,242,2,77,0,3000,Debut Novel
14.99,Sky Full of Elephants,3.86,3888,851,304.0,"['Fiction', 'Science Fiction', 'Fantasy', 'Dystopia', 'Speculative Fiction', 'Race', 'Audiobook']",2024,Cebo Campbell,5,231,1062,27,1567,40,986,25,214,5,59,1,1899,Debut Novel
13.75,Fire Exit,3.73,5086,887,243.0,"['Fiction', 'Literary Fiction', 'Contemporary', 'Indigenous', 'Audiobook', 'Native American', 'Mystery']",2024,Morgan Talty,5,647,1029,20,2159,42,1470,28,355,6,73,1,1672,Debut Novel
9.24,Shred Sisters,3.86,6900,946,272.0,"['Fiction', 'Contemporary', 'Literary Fiction', 'Mental Health', 'Family', 'Coming Of Age', 'Audiobook']",2024,Betsy Lerner,7,206,1557,22,3251,47,1739,25,306,4,47,0,1515,Debut Novel
13.99,Victim,3.86,3179,578,276.0,"['Fiction', 'Contemporary', 'Literary Fiction', 'Audiobook', 'Humor', 'Race', 'Adult']",2024,Andrew Boryga,1,99,676,21,1556,48,787,24,138,4,22,0,986,Debut Novel
12.99,Funny Story,4.22,875173,115610,11.0,"['Romance', 'Fiction', 'Audiobook', 'Contemporary', 'Contemporary Romance', 'Adult', 'Chick Lit']",2024,Emily Henry,20,159000,360650,41,371585,42,122388,13,17182,1,3368,0,72571,Audiobook
14.99,The Women,4.62,1035653,110505,15.0,"['Historical Fiction', 'Fiction', 'Audiobook', 'Historical', 'War', 'Book Club', 'Adult']",2024,Kristin Hannah,128,261000,723453,69,241612,23,58154,5,9789,0,2645,0,61305,Audiobook
0.0,Just for the Summer,4.38,666135,87341,12.0,"['Audiobook', 'Fiction', 'Contemporary', 'Contemporary Romance', 'Adult', 'Chick Lit', 'Mental Health']",2024,Abby Jimenez,12,64800,346009,51,240994,36,66729,10,10257,1,2146,0,54828,Audiobook
13.99,Listen for the Lie,4.1,281457,34475,,"['Mystery', 'Thriller', 'Audiobook', 'Mystery Thriller', 'Fiction', 'Suspense', 'Crime']",2024,Amy Tintera,10,5497,88872,31,139584,49,45673,16,6169,2,1159,0,36352,Audiobook
,1984: An Audible Original adaptation,4.25,4674,939,,"['Audiobook', 'Classics', 'Fiction', 'Dystopia', 'Science Fiction', 'Politics', 'Horror']",2024,Joe White,122,7,2131,45,1736,37,672,14,107,2,28,0,35733,Audiobook
,Somewhere Beyond the Sea,4.21,96040,15003,16.0,"['Fantasy', 'Fiction', 'LGBT', 'Audiobook', 'Romance', 'Queer', 'Adult']",2024,T.J. Klune,71,55300,43348,45,33864,35,14801,15,3240,3,787,0,30449,Audiobook
12.99,First Lie Wins,4.02,602089,55416,,"['Thriller', 'Mystery', 'Audiobook', 'Fiction', 'Mystery Thriller', 'Suspense', 'Adult']",2024,Ashley Elston,7,5861,188259,31,267135,44,119112,19,23193,3,4390,0,26530,Audiobook
14.99,James,4.52,208118,24140,8.0,"['Fiction', 'Historical Fiction', 'Audiobook', 'Literary Fiction', 'Historical', 'Race', 'Retellings']",2024,Percival Everett,72,6187,128286,61,63589,30,13506,6,2059,0,678,0,20610,Audiobook
13.99,"The Small and the Mighty: Twelve Unsung Americans Who Changed the Course of History, from the Founding to the Civil Rights Movement",4.48,19913,3055,,"['Nonfiction', 'History', 'Audiobook', 'Biography', 'Historical', 'Politics', 'American History']",2024,Sharon McMahon,7,351,11960,60,5967,29,1714,8,221,1,51,0,18334,Audiobook
,We Solve Murders,4.13,93327,11033,,"['Mystery', 'Fiction', 'Audiobook', 'Mystery Thriller', 'Crime', 'Thriller', 'Cozy Mystery']",2024,Richard Osman,30,15400,33587,35,41645,44,15230,16,2340,2,525,0,16739,Audiobook
14.99,Be Ready When the Luck Happens: A Memoir,4.32,59377,7978,,"['Memoir', 'Audiobook', 'Nonfiction', 'Biography', 'Food', 'Biography Memoir', 'Cooking']",2024,Ina Garten,35,1770,28652,48,22140,37,7447,12,960,1,178,0,6540,Audiobook
14.99,From Here to the Great Unknown: A Memoir,4.34,53051,7597,,"['Memoir', 'Audiobook', 'Nonfiction', 'Biography', 'Music', 'Biography Memoir', 'Autobiography']",2024,Lisa Marie Presley,8,93,26162,49,19815,37,6108,11,804,1,162,0,6167,Audiobook
13.99,The Anxious Generation: How the Great Rewiring of Childhood is Causing an Epidemic of Mental Illness,4.38,83900,11590,11.0,"['Nonfiction', 'Parenting', 'Psychology', 'Audiobook', 'Self Help', 'Mental Health', 'Sociology']",2024,Jonathan Haidt,23,4657,44366,52,29793,35,7885,9,1333,1,523,0,5792,Audiobook
14.99,Intermezzo,3.94,163913,30087,,"['Fiction', 'Contemporary', 'Literary Fiction', 'Romance', 'Audiobook', 'Ireland', 'Irish Literature']",2024,Sally Rooney,42,61200,51857,31,65635,40,34390,20,9227,5,2804,1,5588,Audiobook
9.99,"Bits and Pieces: My Mother, My Brother, and Me",4.31,11873,1793,7.0,"['Memoir', 'Nonfiction', 'Audiobook', 'Biography', 'Autobiography', 'Humor', 'Biography Memoir']",2024,Whoopi Goldberg,58,386,5799,48,4335,36,1444,12,168,1,127,1,4123,Audiobook
14.99,Here One Moment,4.06,140942,15583,,"['Fiction', 'Audiobook', 'Mystery', 'Contemporary', 'Thriller', 'Mystery Thriller', 'Adult']",2024,Liane Moriarty,42,71700,48139,34,59959,42,26519,18,5109,3,1216,0,4101,Audiobook
14.99,It's Not You: Identifying and Healing from Narcissistic People,4.56,6169,793,,"['Nonfiction', 'Self Help', 'Psychology', 'Mental Health', 'Audiobook', 'Relationships', 'Personal Development']",2024,Ramani Durvasula,11,970,4060,65,1609,26,422,6,54,0,24,0,3214,Audiobook
16.99,Oath and Honor: A Memoir and a Warning,4.57,26381,4151,,"['Nonfiction', 'Politics', 'Memoir', 'History', 'Audiobook', 'Biography', 'American History']",2023,Liz Cheney,10,184,17307,65,7341,27,1421,5,163,0,149,0,3180,Audiobook
,Maybe This Time,3.84,10922,1651,6.0,"['Audiobook', 'Romance', 'Time Travel', 'Fiction', 'Contemporary', 'Fantasy', 'Contemporary Romance']",2024,Cara Bastone,11,2994,2653,24,4554,41,3099,28,516,4,100,0,3174,Audiobook
15.99,"Revenge of the Tipping Point: Overstories, Superspreaders, and the Rise of Social Engineering",4.06,26407,2360,9.0,"['Nonfiction', 'Audiobook', 'Psychology', 'Sociology', 'History', 'Science', 'Business']",2024,Malcolm Gladwell,112,38100,9340,35,11202,42,4482,16,942,3,441,1,2422,Audiobook
,Ruthless Vows,4.01,325747,45789,420.0,"['Fantasy', 'Romance', 'Young Adult', 'Romantasy', 'Audiobook', 'Fiction', 'Historical Fiction']",2023,Rebecca   Ross,13,22900,103434,31,138610,42,69532,21,12349,3,1822,0,93230,Young Adult Fantasy
,Reckless,4.07,329756,55502,385.0,"['Fantasy', 'Romance', 'Romantasy', 'Young Adult', 'Enemies To Lovers', 'Fantasy Romance', 'Audiobook']",2024,Lauren  Roberts,7,41500,127418,38,120419,36,62161,18,15986,4,3772,1,85070,Young Adult Fantasy
,Heartless Hunter,4.19,183874,31526,406.0,"['Fantasy', 'Romance', 'Romantasy', 'Young Adult', 'Witches', 'Enemies To Lovers', 'Fantasy Romance']",2024,Kristen Ciccarelli,10,5744,73900,40,78353,42,26118,14,4383,2,1120,0,62945,Young Adult Fantasy
,The Prisoner’s Throne,3.89,69099,11041,356.0,"['Fantasy', 'Young Adult', 'Romance', 'Fae', 'Audiobook', 'Romantasy', 'Fiction']",2024,Holly Black,170,118000,17556,25,30442,44,17717,25,2951,4,433,0,36108,Young Adult Fantasy
,Defiant,4.32,30950,3299,420.0,"['Science Fiction', 'Young Adult', 'Fantasy', 'Audiobook', 'Fiction', 'Adventure', 'Space']",2023,Brandon Sanderson,406,258000,14687,47,12242,39,3504,11,419,1,98,0,24158,Young Adult Fantasy
11.99,Don't Let the Forest In,4.13,12025,3995,336.0,"['Horror', 'Fantasy', 'Young Adult', 'LGBT', 'Queer', 'Gothic', 'Mystery']",2024,C.G. Drews,8,23200,5366,44,3905,32,1936,16,645,5,173,1,23297,Young Adult Fantasy
,Where the Library Hides,3.91,18271,3277,400.0,"['Fantasy', 'Historical Fiction', 'Romance', 'Young Adult', 'Fiction', 'Historical', 'Mystery']",2024,Isabel Ibañez,12,4208,5051,27,7804,42,4241,23,983,5,192,1,19417,Young Adult Fantasy
,Wisteria,4.27,26319,5472,419.0,"['Fantasy', 'Romance', 'Young Adult', 'Romantasy', 'Gothic', 'Audiobook', 'Paranormal']",2024,Adalyn  Grace,9,8638,11829,44,10374,39,3499,13,515,1,102,0,17953,Young Adult Fantasy
,Heir,4.27,8921,2394,484.0,"['Fantasy', 'Young Adult', 'Romance', 'Young Adult Fantasy', 'Romantasy', 'Fiction', 'Audiobook']",2024,Sabaa Tahir,20,35500,4166,46,3378,37,1106,12,196,2,75,0,16771,Young Adult Fantasy
,All This Twisted Glory,4.05,22774,4725,397.0,"['Fantasy', 'Romance', 'Young Adult', 'Romantasy', 'Audiobook', 'Fantasy Romance', 'Young Adult Fantasy']",2024,Tahereh Mafi,57,61900,8138,35,9073,39,4341,19,962,4,260,1,12633,Young Adult Fantasy
10.99,Where the Dark Stands Still,4.08,18977,5075,368.0,"['Fantasy', 'Romance', 'Young Adult', 'Romantasy', 'Gothic', 'Fantasy Romance', 'Young Adult Fantasy']",2024,A.B. Poranek,2,980,7012,36,7662,40,3301,17,782,4,220,1,5634,Young Adult Fantasy
,Immortal Dark,3.71,12789,3757,432.0,"['Fantasy', 'Vampires', 'Romance', 'Young Adult', 'Paranormal', 'Romantasy', 'Fiction']",2024,Tigest Girma,2,995,3151,24,4712,36,3405,26,1092,8,429,3,5369,Young Adult Fantasy
,So Let Them Burn,3.85,5660,1484,400.0,"['Fantasy', 'Young Adult', 'Dragons', 'LGBT', 'Lesbian', 'Queer', 'Fiction']",2024,Kamilah Cole,5,662,1487,26,2326,41,1432,25,335,5,80,1,3911,Young Adult Fantasy
8.99,The Invocations,4.09,9298,2427,400.0,"['Fantasy', 'Horror', 'Young Adult', 'Witches', 'Mystery', 'Paranormal', 'Thriller']",2024,Krystal Sutherland,6,4207,3263,35,4054,43,1631,17,286,3,64,0,3409,Young Adult Fantasy
5.45,The Poisons We Drink,3.72,2497,900,480.0,"['Fantasy', 'Young Adult', 'Witches', 'Fiction', 'Urban Fantasy', 'LGBT', 'Young Adult Fantasy']",2024,Bethany Baptiste,5,526,620,24,896,35,708,28,204,8,69,2,3180,Young Adult Fantasy
9.99,Dragonfruit,3.87,7200,1669,356.0,"['Fantasy', 'Young Adult', 'Dragons', 'Mythology', 'Romance', 'Audiobook', 'Fiction']",2024,Makiia Lucier,5,776,1654,22,3309,45,1900,26,294,4,43,0,3138,Young Adult Fantasy
,The Darkness Within Us,3.93,13143,2515,331.0,"['Fantasy', 'Romance', 'Young Adult', 'Romantasy', 'Fantasy Romance', 'Enemies To Lovers', 'Audiobook']",2024,Tricia Levenseller,20,16300,3579,27,5906,44,2942,22,551,4,165,1,3007,Young Adult Fantasy
,Of Jade and Dragons,3.71,3758,1156,480.0,"['Fantasy', 'Young Adult', 'Romance', 'Dragons', 'Young Adult Fantasy', 'Mythology', 'Fiction']",2024,Amber Chen,2,381,708,18,1647,43,1071,28,270,7,62,1,2650,Young Adult Fantasy
11.99,For She Is Wrath,3.72,4975,1627,400.0,"['Fantasy', 'Young Adult', 'Romance', 'Romantasy', 'Retellings', 'Young Adult Fantasy', 'Fiction']",2024,Emily Varga,3,213,977,19,2154,43,1408,28,340,6,96,1,2404,Young Adult Fantasy
12.99,"Your Blood, My Bones",3.72,6715,1809,368.0,"['Fantasy', 'Horror', 'Young Adult', 'Romance', 'Paranormal', 'Gothic', 'Young Adult Fantasy']",2024,Kelly Andrew,5,833,1697,25,2420,36,1775,26,644,9,179,2,2136,Young Adult Fantasy
,Heartstopper: Volume Five,4.48,172208,21098,318.0,"['Graphic Novels', 'Romance', 'LGBT', 'Young Adult', 'Queer', 'Contemporary', 'Fiction']",2023,Alice Oseman,71,90600,101980,59,53110,30,14674,8,1877,1,567,0,81335,Young Adult Fiction
10.99,The Reappearance of Rachel Price,4.1,140401,25155,448.0,"['Mystery', 'Thriller', 'Young Adult', 'Mystery Thriller', 'Audiobook', 'Fiction', 'Contemporary']",2024,Holly  Jackson,16,61400,49426,35,61283,43,24725,17,4129,2,838,0,56071,Young Adult Fiction
10.99,Nothing Like the Movies,3.99,91312,17755,442.0,"['Romance', 'Young Adult', 'Contemporary', 'Second Chance', 'Audiobook', 'Fiction', 'Young Adult Romance']",2024,Lynn Painter,36,39100,30416,33,36069,39,19546,21,4342,4,939,1,38241,Young Adult Fiction
,The Grandest Game,3.94,41816,6170,384.0,"['Mystery', 'Young Adult', 'Romance', 'Fiction', 'Mystery Thriller', 'Thriller', 'Audiobook']",2024,Jennifer Lynn Barnes,44,43600,12650,30,16727,40,10039,24,2023,4,377,0,34710,Young Adult Fiction
7.09,If Only I Had Told Her,3.88,135602,16731,416.0,"['Romance', 'Young Adult', 'Fiction', 'Contemporary', 'Audiobook', 'Mental Health', 'Friends To Lovers']",2024,Laura Nowlin,8,7050,40722,30,49830,36,34883,25,8229,6,1938,1,28990,Young Adult Fiction
10.99,Betting on You,4.11,104557,18253,432.0,"['Romance', 'Young Adult', 'Contemporary', 'Audiobook', 'Fiction', 'Young Adult Romance', 'Contemporary Romance']",2023,Lynn Painter,36,39100,38610,36,43745,41,18241,17,3208,3,753,0,25253,Young Adult Fiction
11.99,Where Sleeping Girls Lie,4.02,13539,2938,416.0,"['Mystery', 'Young Adult', 'Thriller', 'Mystery Thriller', 'LGBT', 'Contemporary', 'Fiction']",2024,Faridah Àbíké-Íyímídé,17,5385,4205,31,6106,45,2664,19,459,3,105,0,24048,Young Adult Fiction
8.51,That's Not My Name,4.08,80638,10910,297.0,"['Thriller', 'Mystery', 'Mystery Thriller', 'Young Adult', 'Audiobook', 'Horror', 'Fiction']",2023,Megan Lally,3,1657,25600,31,38335,47,14238,17,2119,2,346,0,21617,Young Adult Fiction
,A Thousand Broken Pieces,4.27,40174,5300,336.0,"['Romance', 'Young Adult', 'Contemporary', 'Audiobook', 'Fiction', 'Contemporary Romance', 'Mental Health']",2024,Tillie Cole,48,24800,20370,50,12329,30,5755,14,1340,3,380,0,21254,Young Adult Fiction
11.99,Gwen & Art Are Not in Love,3.98,24349,6199,416.0,"['Romance', 'LGBT', 'Young Adult', 'Fantasy', 'Historical Fiction', 'Queer', 'Historical']",2023,Lex Croucher,9,2652,7160,29,10852,44,5271,21,884,3,182,0,17830,Young Adult Fiction
8.99,Dungeons and Drama,4.15,22815,6351,304.0,"['Romance', 'Young Adult', 'Contemporary', 'Audiobook', 'Fiction', 'Contemporary Romance', 'Young Adult Romance']",2024,Kristy Boyce,5,830,8448,37,10026,43,3762,16,470,2,109,0,7510,Young Adult Fiction
12.99,I Hope This Doesn't Find You,4.16,40911,10377,320.0,"['Romance', 'Young Adult', 'Contemporary', 'Fiction', 'Contemporary Romance', 'Young Adult Romance', 'Audiobook']",2024,Ann Liang,9,8518,16398,40,16378,40,6784,16,1121,2,230,0,7381,Young Adult Fiction
0.0,A Crane Among Wolves,3.98,9291,2159,359.0,"['Historical Fiction', 'Fantasy', 'Romance', 'Young Adult', 'Historical', 'Mystery', 'Fiction']",2024,June Hur,6,3335,2989,32,3793,40,1945,20,479,5,85,0,6249,Young Adult Fiction
,Most Ardently,3.98,10512,2904,304.0,"['Romance', 'Historical Fiction', 'Queer', 'LGBT', 'Young Adult', 'Historical', 'Retellings']",2024,Gabe Cole Novoa,8,1211,3437,32,4236,40,2218,21,473,4,148,1,5615,Young Adult Fiction
13.49,Icarus,4.03,5271,1400,382.0,"['Young Adult', 'Romance', 'LGBT', 'Queer', 'Contemporary', 'Mythology', 'Retellings']",2024,K. Ancrum,11,1839,1950,36,1947,36,1031,19,264,5,79,1,4111,Young Adult Fiction
8.99,Death at Morning House,3.76,9820,1737,384.0,"['Mystery', 'Young Adult', 'Thriller', 'Mystery Thriller', 'Audiobook', 'LGBT', 'Fiction']",2024,Maureen Johnson,60,16400,1766,17,4552,46,2971,30,463,4,68,0,3894,Young Adult Fiction
10.99,When the World Tips Over,4.21,5817,1717,528.0,"['Young Adult', 'Contemporary', 'Fiction', 'Romance', 'Magical Realism', 'LGBT', 'Fantasy']",2024,Jandy Nelson,4,11200,2672,45,2075,35,784,13,197,3,89,1,3028,Young Adult Fiction
9.99,A Bánh Mì for Two,3.88,2650,807,224.0,"['Romance', 'Young Adult', 'LGBT', 'Lesbian', 'Queer', 'Contemporary', 'Fiction']",2024,Trinity  Nguyen,2,333,674,25,1138,42,700,26,117,4,21,0,2610,Young Adult Fiction
10.99,Under the Surface,3.87,2916,850,354.0,"['Thriller', 'Young Adult', 'Mystery', 'Horror', 'Mystery Thriller', 'Romance', 'Fiction']",2024,Diana Urban,6,1499,783,26,1194,40,746,25,153,5,40,1,1616,Young Adult Fiction
11.99,Thirsty,4.07,1520,378,336.0,"['Young Adult', 'Contemporary', 'LGBT', 'Fiction', 'Lesbian', 'Queer', 'Romance']",2024,Jas Hammonds,2,573,523,34,655,43,287,18,42,2,13,0,946,Young Adult Fiction
13.99,The Anxious Generation: How the Great Rewiring of Childhood Caused an Epidemic of Mental Illness,4.38,83900,11590,385.0,"['Nonfiction', 'Parenting', 'Psychology', 'Audiobook', 'Self Help', 'Mental Health', 'Sociology']",2024,Jonathan Haidt,23,4657,44366,52,29793,35,7885,9,1333,1,523,0,39553,Nonfiction
15.99,It's Not Hysteria: Everything You Need to Know About Your Reproductive Health,4.26,3107,719,384.0,"['Nonfiction', 'Health', 'Feminism', 'Science', 'Audiobook', 'Self Help', 'Womens']",2024,Karen Tang,5,166,1404,45,1217,39,402,12,61,1,23,0,28181,Nonfiction
2.99,The Message,4.54,22423,3413,232.0,"['Nonfiction', 'Essays', 'Politics', 'History', 'Audiobook', 'Memoir', 'Race']",2024,Ta-Nehisi Coates,274,16200,14657,65,6056,27,1235,5,219,0,256,1,24789,Nonfiction
13.3,Want,3.51,7589,1354,372.0,"['Nonfiction', 'Feminism', 'Audiobook', 'Short Stories', 'Sexuality', 'Essays', 'Psychology']",2024,Gillian Anderson,36,1442,1290,16,2536,33,2705,35,880,11,178,2,24511,Nonfiction
14.99,The Backyard Bird Chronicles,4.11,6979,1370,320.0,"['Nonfiction', 'Nature', 'Memoir', 'Birds', 'Animals', 'Science', 'Art']",2024,Amy Tan,125,10800,2552,36,2922,41,1240,17,217,3,48,0,22608,Nonfiction
12.99,All in Her Head: The Truth and Lies Early Medicine Taught Us About Women's Bodies and Why It Matters Today,4.38,4989,983,368.0,"['Nonfiction', 'Feminism', 'Science', 'History', 'Health', 'Audiobook', 'Medicine']",2024,Elizabeth Comen,1,72,2665,53,1723,34,481,9,93,1,27,0,19797,Nonfiction
0.0,"One in a Millennial: On Friendship, Feelings, Fangirls, and Fitting In",3.73,18100,3100,328.0,"['Nonfiction', 'Audiobook', 'Memoir', 'Essays', 'Pop Culture', 'Adult', 'Humor']",2024,Kate Kennedy,34,66,4541,25,6555,36,5015,27,1580,8,409,2,19641,Nonfiction
14.99,Framed: Astonishing True Stories of Wrongful Convictions,4.17,12059,1617,368.0,"['Nonfiction', 'True Crime', 'Crime', 'History', 'Audiobook', 'Mystery', 'Short Stories']",2024,John Grisham,464,85500,5034,41,4631,38,1903,15,366,3,125,1,19463,Nonfiction
14.99,Disney High: The Untold Story of the Rise and Fall of Disney Channel's Tween Empire,4.06,3001,608,336.0,"['Nonfiction', 'Audiobook', 'History', 'Pop Culture', 'Adult', 'Business', 'Biography']",2024,Ashley  Spencer,1,55,919,30,1415,47,606,20,57,1,4,0,17813,Nonfiction
13.99,Nuclear War: A Scenario,4.42,27648,4981,400.0,"['Nonfiction', 'History', 'Politics', 'Science', 'War', 'Audiobook', 'Horror']",2024,Annie Jacobsen,11,2925,15732,56,8626,31,2558,9,550,1,182,0,13496,Nonfiction
14.25,"Blood: The Science, Medicine, and Mythology of Menstruation",4.22,1884,395,480.0,"['Nonfiction', 'Science', 'Feminism', 'Health', 'Audiobook', 'Medicine', 'Womens']",2024,Jen Gunter,29,233,832,44,739,39,235,12,57,3,21,1,5532,Nonfiction
7.39,I'm Sorry for My Loss: An Urgent Examination of Reproductive Care in America,4.45,893,195,496.0,"['Nonfiction', 'Feminism', 'Politics', 'Health', 'Memoir', 'Audiobook', 'Womens']",2024,Rebecca Little and Colleen Long,1,2,500,55,318,35,62,6,7,0,6,0,5177,Nonfiction
15.99,"Revenge of the Tipping Point: Overstories, Superspreaders, and the Rise of Social Engineering",4.06,26407,2360,368.0,"['Nonfiction', 'Audiobook', 'Psychology', 'Sociology', 'History', 'Science', 'Business']",2024,Malcolm Gladwell,112,38100,9340,35,11202,42,4482,16,942,3,441,1,4722,Nonfiction
13.99,The Devil at His Elbow: Alex Murdaugh and the Fall of a Southern Dynasty,4.47,6427,911,480.0,"['True Crime', 'Nonfiction', 'Audiobook', 'Crime', 'History', 'Biography', 'Adult']",2024,Valerie Bauerlein,1,109,3636,56,2278,35,442,6,52,0,19,0,4174,Nonfiction
12.99,"The Kingdom, the Power, and the Glory: American Evangelicals in an Age of Extremism",4.42,13516,2124,493.0,"['Nonfiction', 'Politics', 'Religion', 'History', 'Audiobook', 'Christianity', 'Christian']",2023,Tim Alberta,2,237,7530,55,4559,33,1135,8,191,1,101,0,3952,Nonfiction
14.99,Feel-Good Productivity: How to Do More of What Matters to You,4.01,14813,1779,304.0,"['Productivity', 'Nonfiction', 'Self Help', 'Psychology', 'Personal Development', 'Audiobook', 'Business']",2023,Ali  Abdaal,3,38700,5023,33,5818,39,3147,21,677,4,148,0,3657,Nonfiction
14.99,"How to Tell When We Will Die: On Pain, Disability, and Doom",3.96,557,131,384.0,"['Nonfiction', 'Disability', 'Essays', 'Memoir', 'Health', 'Queer', 'Audiobook']",2024,Johanna Hedva,16,204,213,38,180,32,115,20,29,5,20,3,3466,Nonfiction
14.99,Supercommunicators: How to Unlock the Secret Language of Connection,4.02,24844,2436,320.0,"['Nonfiction', 'Self Help', 'Psychology', 'Communication', 'Audiobook', 'Business', 'Personal Development']",2024,Charles Duhigg,34,5815,7764,31,11086,44,5018,20,769,3,207,0,3282,Nonfiction
14.99,"The Sing Sing Files: One Journalist, Six Innocent Men, and a Twenty-Year Fight for Justice",4.55,1524,352,224.0,"['Nonfiction', 'True Crime', 'Audiobook', 'Crime', 'History', 'Memoir', 'Social Justice']",2024,Dan Slepian,1,68,962,63,447,29,107,7,6,0,2,0,1678,Nonfiction
13.99,Meditations for Mortals: Four Weeks to Embrace Your Limitations and Make Time for What Counts,4.3,5318,623,208.0,"['Nonfiction', 'Self Help', 'Philosophy', 'Psychology', 'Personal Development', 'Audiobook', 'Productivity']",2024,Oliver Burkeman,24,1726,2581,48,1929,36,671,12,105,1,32,0,1517,Nonfiction
14.99,The Third Gilmore Girl,4.38,63391,9854,256.0,"['Nonfiction', 'Audiobook', 'Memoir', 'Biography', 'Biography Memoir', 'Autobiography', 'Adult']",2024,Kelly  Bishop,1,520,32566,51,23533,37,6392,10,738,1,162,0,80050,Memoir
14.99,Sociopath: A Memoir,3.77,56435,7578,368.0,"['Nonfiction', 'Memoir', 'Audiobook', 'Psychology', 'Mental Health', 'Biography', 'Biography Memoir']",2024,Patric Gagne,2,342,14176,25,21875,38,14970,26,4242,7,1172,2,29641,Memoir
14.99,From Here to the Great Unknown,4.34,53051,7597,304.0,"['Memoir', 'Audiobook', 'Nonfiction', 'Biography', 'Music', 'Biography Memoir', 'Autobiography']",2024,Lisa Marie Presley,8,93,26162,49,19815,37,6108,11,804,1,162,0,25638,Memoir
14.99,Loud: Accept Nothing Less Than the Life You Deserve,4.35,17527,3679,256.0,"['Nonfiction', 'Audiobook', 'Memoir', 'Feminism', 'Self Help', 'Biography', 'Adult']",2024,Drew Afualo,1,292,9174,52,5841,33,2087,11,357,2,68,0,24899,Memoir
16.49,The House of Hidden Meanings,3.81,23121,2948,256.0,"['Memoir', 'Nonfiction', 'Audiobook', 'LGBT', 'Biography', 'Queer', 'Autobiography']",2024,RuPaul,11,741,5314,22,9667,41,6793,29,1185,5,162,0,24283,Memoir
14.99,Be Ready When the Luck Happens,4.32,59377,7978,320.0,"['Memoir', 'Audiobook', 'Nonfiction', 'Biography', 'Food', 'Biography Memoir', 'Cooking']",2024,Ina Garten,35,1770,28652,48,22140,37,7447,12,960,1,178,0,22772,Memoir
14.99,Knife: Meditations After an Attempted Murder,4.04,20051,2900,209.0,"['Nonfiction', 'Memoir', 'Audiobook', 'Biography', 'Biography Memoir', 'True Crime', 'Crime']",2024,Salman Rushdie,153,12500,6706,33,8537,42,3836,19,785,3,187,0,20355,Memoir
16.99,Oath and Honor: A Memoir and a Warning,4.57,26381,4151,372.0,"['Nonfiction', 'Politics', 'Memoir', 'History', 'Audiobook', 'Biography', 'American History']",2023,Liz Cheney,10,184,17307,65,7341,27,1421,5,163,0,149,0,13711,Memoir
0.0,A Well-Trained Wife: My Escape from Christian Patriarchy,4.35,13471,1982,304.0,"['Memoir', 'Nonfiction', 'Religion', 'Audiobook', 'Biography', 'Feminism', 'Biography Memoir']",2024,Tia  Levings,1,253,6691,49,5129,38,1387,10,173,1,91,0,13302,Memoir
9.99,"Bits and Pieces: My Mother, My Brother, and Me",4.31,11873,1793,256.0,"['Memoir', 'Nonfiction', 'Audiobook', 'Biography', 'Autobiography', 'Humor', 'Biography Memoir']",2024,Whoopi Goldberg,58,386,5799,48,4335,36,1444,12,168,1,127,1,12690,Memoir
13.99,Grief Is for People,3.87,13122,2045,208.0,"['Nonfiction', 'Memoir', 'Audiobook', 'Mental Health', 'Biography', 'Self Help', 'Psychology']",2024,Sloane Crosley,17,2523,3386,25,5565,42,3320,25,724,5,127,0,4461,Memoir
14.99,I Shouldn’t Be Telling You This [But I'm Going to Anyway],3.93,5157,667,272.0,"['Memoir', 'Nonfiction', 'Audiobook', 'Humor', 'Essays', 'Biography', 'Biography Memoir']",2024,Chelsea Devantez,1,160,1645,31,1955,37,1212,23,261,5,84,1,4405,Memoir
13.99,There's Always This Year: On Basketball and Ascension,4.34,8410,1822,352.0,"['Nonfiction', 'Sports', 'Memoir', 'Essays', 'Audiobook', 'Poetry', 'Basketball']",2024,Hanif Abdurraqib,26,3425,4401,52,2763,32,979,11,222,2,45,0,4149,Memoir
14.99,The Friday Afternoon Club: A Family Memoir,4.09,14643,1492,400.0,"['Memoir', 'Nonfiction', 'Biography', 'Audiobook', 'Biography Memoir', 'Autobiography', 'True Crime']",2024,Griffin Dunne,6,125,5258,35,6229,42,2553,17,444,3,159,1,3350,Memoir
16.99,An Unfinished Love Story: A Personal History of the 1960s,4.65,10598,1461,480.0,"['History', 'Nonfiction', 'Memoir', 'Biography', 'Politics', 'Audiobook', 'Biography Memoir']",2024,Doris Kearns Goodwin,37,4924,7684,72,2266,21,516,4,90,0,42,0,2981,Memoir
14.99,The Wives: A Memoir,3.77,7304,1092,416.0,"['Memoir', 'Nonfiction', 'Audiobook', 'Biography', 'Military Fiction', 'Biography Memoir', 'War']",2024,Simone Gorrindo,2,141,1664,22,3048,41,1981,27,459,6,152,2,2921,Memoir
10.76,Here After,4.24,8467,1642,272.0,"['Memoir', 'Nonfiction', 'Audiobook', 'Mental Health', 'Biography Memoir', 'Biography', 'Death']",2024,Amy  Lin,1,190,3934,46,3031,35,1182,13,246,2,74,0,2919,Memoir
14.99,My Side of the River,3.77,4415,740,272.0,"['Memoir', 'Nonfiction', 'Audiobook', 'Biography', 'Race', 'Biography Memoir', 'Education']",2024,Elizabeth Camarillo Gutierrez,1,184,974,22,1802,40,1332,30,262,5,45,1,2562,Memoir
14.99,The Manicurist's Daughter,3.94,3841,802,320.0,"['Memoir', 'Nonfiction', 'Audiobook', 'Biography', 'Biography Memoir', 'Race', 'Adult']",2024,Susan Lieu,1,109,1105,28,1643,42,875,22,188,4,30,0,2082,Memoir
7.99,Wanted: Toddler's Personal Assistant,3.68,3926,596,336.0,"['Nonfiction', 'Memoir', 'Audiobook', 'Biography', 'Biography Memoir', 'Parenting', 'Adult']",2024,Stephanie Kiser,1,99,695,17,1650,42,1269,32,267,6,45,1,1908,Memoir
14.99,The Bookshop: A History of the American Bookstore,3.99,4671,791,416.0,"['Nonfiction', 'History', 'Books About Books', 'Audiobook', 'Historical', 'Business', 'Adult']",2024,Evan Friss,3,73,1277,27,2276,48,953,20,123,2,42,0,38847,History & Biography
13.99,"The Small and the Mighty: Twelve Unsung Americans Who Changed the Course of History, from the Founding to the Civil Rights Movement",4.48,19913,3055,320.0,"['Nonfiction', 'History', 'Audiobook', 'Biography', 'Historical', 'Politics', 'American History']",2024,Sharon McMahon,7,351,11960,60,5967,29,1714,8,221,1,51,0,31360,History & Biography
14.99,"The Demon of Unrest: A Saga of Hubris, Heartbreak, and Heroism at the Dawn of the Civil War",4.2,40157,4512,565.0,"['History', 'Nonfiction', 'Civil War', 'Audiobook', 'Politics', 'War', 'American History']",2024,Erik Larson,40,68800,16701,41,16335,40,5839,14,1012,2,270,0,26235,History & Biography
14.99,The Elements of Marie Curie: How the Glow of Radium Lit a Path for Women in Science,3.95,1308,244,318.0,"['Nonfiction', 'Science', 'Biography', 'History', 'Feminism', 'Audiobook', 'Memoir']",2024,Dava Sobel,41,890,375,28,574,43,306,23,29,2,24,1,21644,History & Biography
15.99,"American Scary: A History of Horror, from Salem to Stephen King and Beyond",3.66,449,101,480.0,"['Nonfiction', 'Horror', 'History', 'Halloween', 'Pop Culture', 'Audiobook', 'Adult']",2024,Jeremy Dauber,14,29,88,19,179,39,136,30,34,7,12,2,18934,History & Biography
14.99,Women in the Valley of the Kings: The Untold Story of Women Egyptologists in the Gilded Age,3.55,940,284,320.0,"['Nonfiction', 'History', 'Egypt', 'Biography', 'Archaeology', 'Feminism', 'Historical']",2024,Kathleen Sheppard,6,76,143,15,372,39,322,34,69,7,34,3,17443,History & Biography
15.99,Nexus: A Brief History of Information Networks from the Stone Age to AI,4.19,19426,2388,528.0,"['Nonfiction', 'History', 'Science', 'Philosophy', 'Technology', 'Audiobook', 'Artificial Intelligence']",2024,Yuval Noah Harari,69,37200,8436,43,7296,37,2844,14,611,3,239,1,17400,History & Biography
15.99,Ask Not: The Kennedys and the Women They Destroyed,4.14,11474,1547,400.0,"['Nonfiction', 'History', 'Biography', 'Audiobook', 'Politics', 'True Crime', 'Feminism']",2024,Maureen Callahan,13,254,4627,40,4508,39,1786,15,391,3,162,1,16640,History & Biography
16.99,Challenger: A True Story of Heroism and Disaster on the Edge of Space,4.57,8825,1324,576.0,"['Nonfiction', 'History', 'Science', 'Space', 'Audiobook', 'American History', 'Historical']",2024,Adam Higginbotham,14,803,5658,64,2592,29,505,5,55,0,15,0,12631,History & Biography
14.99,"The Lost Tomb: And Other Real-Life Stories of Bones, Burials, and Murder",3.79,4318,565,300.0,"['Nonfiction', 'History', 'True Crime', 'Mystery', 'Audiobook', 'Crime', 'Archaeology']",2023,Douglas Preston,187,12900,965,22,1820,42,1239,28,238,5,56,1,11334,History & Biography
14.99,When Women Ran Fifth Avenue: Glamour and Power at the Dawn of American Fashion,3.96,3327,452,295.0,"['Nonfiction', 'History', 'Fashion', 'Biography', 'Audiobook', 'Feminism', 'New York']",2024,Julie Satow,3,234,902,27,1542,46,736,22,130,3,17,0,4309,History & Biography
13.99,Not Your China Doll: The Wild and Shimmering Life of Anna May Wong,3.95,652,115,480.0,"['Nonfiction', 'Biography', 'History', 'Memoir', 'Film', 'Audiobook', 'Historical']",2024,Katie Gee Salisbury,2,65,170,26,306,46,155,23,16,2,5,0,4230,History & Biography
16.99,Madness: Race and Insanity in a Jim Crow Asylum,4.25,4102,564,368.0,"['Nonfiction', 'History', 'Mental Health', 'Race', 'Psychology', 'Audiobook', 'Social Justice']",2024,Antonia Hylton,2,142,1779,43,1690,41,547,13,66,1,20,0,3777,History & Biography
1.99,By the Fire We Carry: The Generations-Long Fight for Justice on Native Land,4.46,1706,260,352.0,"['Nonfiction', 'History', 'Indigenous', 'True Crime', 'Social Justice', 'Native American', 'Politics']",2024,Rebecca Nagle,1,70,951,55,615,36,122,7,12,0,6,0,3472,History & Biography
18.99,The Situation Room: The Inside Story of Presidents in Crisis,4.38,7916,1003,368.0,"['Nonfiction', 'History', 'Politics', 'Audiobook', 'American History', 'Biography', 'Presidents']",2024,George  Stephanopoulos,7,87,4048,51,2963,37,778,9,91,1,36,0,3051,History & Biography
14.99,"The Wide Wide Sea: Imperial Ambition, First Contact and the Fateful Final Voyage of Captain James Cook",4.48,9198,1227,408.0,"['History', 'Nonfiction', 'Biography', 'Adventure', 'Audiobook', 'Travel', 'Historical']",2024,Hampton Sides,22,1665,5135,55,3468,37,535,5,40,0,20,0,2572,History & Biography
16.99,When the Sea Came Alive: An Oral History of D-Day,4.52,2009,308,608.0,"['History', 'Nonfiction', 'World War II', 'War', 'Audiobook', 'Military Fiction', 'American History']",2024,Garrett M. Graff,18,642,1220,60,640,31,123,6,18,0,8,0,2450,History & Biography
14.99,The Siege: A Six-Day Hostage Crisis and the Daring Special-Forces Operation That Shocked the World,4.4,3139,327,400.0,"['History', 'Nonfiction', 'Politics', 'Audiobook', 'True Crime', 'Espionage', 'Military Fiction']",2024,Ben Macintyre,38,3779,1635,52,1178,37,291,9,30,0,5,0,2166,History & Biography
12.99,"Everyone Who Is Gone Is Here: The United States, Central America, and the Making of a Crisis",4.47,3817,600,544.0,"['Nonfiction', 'History', 'Politics', 'Social Justice', 'Race', 'Audiobook', 'American History']",2024,Jonathan Blitzer,4,58,2214,58,1262,33,285,7,43,1,13,0,2040,History & Biography
13.99,"Eden Undone: A True Story of Sex, Murder, and Utopia at the Dawn of World War II",3.8,809,152,352.0,"['Nonfiction', 'History', 'True Crime', 'Crime', 'Audiobook', 'Biography', 'Mystery']",2024,Abbott Kahler,4,178,188,23,334,41,231,28,47,5,9,1,1591,History & Biography
